<?xml version="1.0"?>
<scores>
  <score place="1">
    <name>mrANGRYgrandpa</name>
    <points>646</points>
  </score>
  <score place="2">
    <name>MC</name>
    <points>570</points>
  </score>
  <score place="3">
    <name>mrANGRYgrandpa</name>
    <points>546</points>
  </score>
  <score place="4">
    <name>mrANGRYgrandpa</name>
    <points>257</points>
  </score>
  <score place="5">
    <name>remraf</name>
    <points>238</points>
  </score>
  <score place="6">
    <name>remraf</name>
    <points>165</points>
  </score>
  <score place="7">
    <name>le maker</name>
    <points>92</points>
  </score>
  <score place="8">
    <name>mrANGRYgrandpa</name>
    <points>84</points>
  </score>
  <score place="9">
    <name>BUTT</name>
    <points>63</points>
  </score>
  <score place="10">
    <name>mrANGRYgrandpa</name>
    <points>50</points>
  </score>
</scores>
